<?xml version="1.0" encoding="UTF-8"?>
<!DOCTYPE mapper PUBLIC "-//mybatis.org//DTD Mapper 3.0//EN" "http://mybatis.org/dtd/mybatis-3-mapper.dtd" >
<mapper namespace="codeReview">
	<insert id="insertCodeR" parameterType="com.waait.dto.CodeReviewBoard">
		INSERT INTO codereviewboard VALUES(CODEREVIEWNO_SEQ.NEXTVAL,#{codeBoardTitle},#{developmentType},#{codeWrite},#{codeContent},#{codeReviewComment},#{codeType},SYSDATE,#{empNo})
		<selectKey keyProperty="codeBoardNo" resultType="int" order="AFTER">
			SELECT CODEREVIEWNO_SEQ.CURRVAL FROM DUAL
		</selectKey>
	</insert>
	
	<insert id="insertCodeReviewFile" parameterType="com.waait.dto.CodeReviewBoard">
		
		 INSERT INTO codereviewboardfile  VALUES (
                CODEREVIEWFILE_SEQ.NEXTVAL, #{codeFile.originalFileName}, #{codeFile.renameFileName}, SYSDATE, #{codeBoardNo}
            )
	</insert>
	<select id="selectcodeReviewBoards" resultType="com.waait.dto.CodeReviewBoard">
	SELECT * FROM CODEREVIEWBOARD
	</select>
	
	<select id="selectcodeReviewBoard" resultType="com.waait.dto.CodeReviewBoard" parameterType="_int">
	select * from CODEREVIEWBOARD where codeboardNo = #{no}
	</select>
	
	<insert id="insertCodeReviewR" parameterType="com.waait.dto.CodeReviewBoardComment"> 
	INSERT INTO CodeReviewBoardComment values(CRBC_SEQ.NEXTVAL,#{codeReviewName},#{codeReviewContent},SYSDATE,NULL,#{empNo},#{codeBoardNo})	
	</insert> <!-- 댓글 다는 부분 xml부분 -->

	<select id="selectCodeReviewBoardsComment" resultType="com.waait.dto.CodeReviewBoardComment" parameterType="_int">
	select * from CodeReviewBoardComment where codeboardNo = #{no}
	</select>
	
	<select id="selectAllCodeReviewBoard" resultType="com.waait.dto.CodeReviewBoardComment">
	select * from  CODEREVIEWBOARD
	</select>
	
	

</mapper>
	