<?xml version="1.0" encoding="UTF-8"?>
<!DOCTYPE mapper PUBLIC "-//mybatis.org//DTD Mapper 3.0//EN" "http://mybatis.org/dtd/mybatis-3-mapper.dtd" >
<mapper namespace="teamProject">
	<insert id="insertTeamProject"
		parameterType="com.waait.dto.TeamProject">
		<selectKey keyProperty="projectNo" resultType="int"
			order="BEFORE">
			SELECT seq_teamproject.NEXTVAL from DUAL
		</selectKey>
		INSERT INTO TEAMPROJECT
		VALUES(seq_teamproject.NEXTVAL,#{projectName},#{projectSummary},#{projectStartDate},#{projectEndDate},#{employee.empNo},#{employee.empName},SYSDATE,'preparation')
	</insert>

	<insert id="insertProjectFunction"
		parameterType="com.waait.dto.ProjectFunction">

		INSERT INTO ProjectFunction
		VALUES(seq_teamprojectfunction.NEXTVAL,null,null,
		#{projectNo},#{functionName},'To Do')
	</insert>

	<insert id="insertProjectEmployeeList" parameterType="map">
		INSERT INTO projectEmployee VALUES(
		seq_projectEmployee.NEXTVAL,#{employee.empName},#{employee.empNo}
		,#{projectNo}
		)
	</insert>

	<insert id="insertProjectAllocation"
		parameterType="com.waait.dto.Allocation">
		INSERT INTO allocation
		VALUES(#{projectNo},#{empName},#{empNo},#{allocationFun},null,null)
	</insert>

	<select id="selectProjectAll" resultMap="TeamProjectResultMap"> <!-- 출력용 리스트 -->
		SELECT
		tp.projectNo,
		tp.projectName,
		tp.projectSummary,
		tp.projectStartDate,
		tp.projectEndDate,
		tp.enrolldate,
		tp.projectStatus,
		e.empNo AS empNo,
		e.empId AS empId,
		e.empPwd AS empPwd,
		e.deptCode AS deptCode,
		e.levelCode AS levelCode,
		e.empName AS empName,
		e.empStartDate AS empStartDate,
		e.empEndDate AS empEndDate,
		e.leaveYN AS leaveYN,
		e.empEmail AS empEmail,
		e.empProfile AS empProfile,
		e.empGender AS empGender,
		e.empBirth AS empBirth,
		e.empPhone AS empPhone,
		e.empAddress AS empAddress,
		e.empSignfile AS empSignfile
		FROM
		TEAMPROJECT tp
		LEFT JOIN
		EMPLOYEE e ON tp.empNo = e.empNo
	</select>

	<!-- ResultMap for TeamProject and Employee -->
	<resultMap id="TeamProjectResultMap"
		type="com.waait.dto.TeamProject">
		<id property="projectNo" column="projectNo" />
		<result property="projectName" column="projectName" />
		<result property="projectSummary" column="projectSummary" />
		<result property="projectStartDate" column="projectStartDate" />
		<result property="projectEndDate" column="projectEndDate" />
		<result property="enrolldate" column="enrolldate" />
		<result property="projectStatus" column="projectStatus" />
		<association property="employee"
			javaType="com.waait.dto.Employee">
			<id property="empNo" column="empNo" />
			<result property="empId" column="empId" />
			<result property="empPwd" column="empPwd" />
			<result property="deptCode" column="deptCode" />
			<result property="levelCode" column="levelCode" />
			<result property="empName" column="empName" />
			<result property="empStartDate" column="empStartDate" />
			<result property="empEndDate" column="empEndDate" />
			<result property="leaveYN" column="leaveYN" />
			<result property="empEmail" column="empEmail" />
			<result property="empProfile" column="empProfile" />
			<result property="empGender" column="empGender" />
			<result property="empBirth" column="empBirth" />
			<result property="empPhone" column="empPhone" />
			<result property="empAddress" column="empAddress" />
			<result property="empSignfile" column="empSignfile" />
		</association>
	</resultMap>
	<select id="selectProjectEmployeeList" parameterType="int"
		resultType="int">
		SELECT empNo FROM PROJECTEMPLOYEE WHERE PROJECtNO = #{projectNo}
	</select>

	<select id="allocationByProject" parameterType="map"
		resultType="com.waait.dto.Allocation">
		SELECT * FROM ALLOCATION WHERE empNo = #{empNo} AND projectNo = #{projectNo}
	</select>

	<select id="selectFunctionList" parameterType="map"
		resultType="com.waait.dto.ProjectFunction">
		SELECT * FROM ProjectFunction WHERE projectNo = #{projectNo}
	</select>

	<!-- <select id="selectProjectEmployeeList"> SELECT * FROM </select> -->
	<!-- employee 출력부분 -->


	<update id="canbanTodoUpdate"
		parameterType="com.waait.dto.Allocation">
		UPDATE ALLOCATION SET FUNCTIONSTARTDATE = SYSDATE WHERE PROJECTNO =
		#{projectNo} AND EMPNO = #{empNo} AND ALLOCATIONFUN = #{allocationFun}
	</update>

	<update id="canbanTodoUpdatePM"
		parameterType="com.waait.dto.Allocation">
		UPDATE PROJECTFUNCTION SET FUNCTIONSTARTDATE = SYSDATE,FUNCTIONSTATUS='In
		Progress' WHERE PROJECTNO = #{projectNo} AND FUNCTIONNAME =
		#{allocationFun}
	</update>

	<select id="selectByNoProject" parameterType="int"
		resultType="com.waait.dto.TeamProject">
		SELECT * FROM TEAMproject WHERE PROJECTNO = #{projectNo}
	</select>
	<select id="selectByNoFunctionList" parameterType="int"
		resultType="com.waait.dto.ProjectFunction">
		SELECT * FROM ProjectFunction WHERE PROJECTNO = #{projectNo}
	</select>
	<select id="selectByNoEmployeeList" parameterType="int"
		resultType="com.waait.dto.Employee">
		SELECT * FROM EMPLOYEE JOIN PROJECTEMPLOYEE USING(EMPNO) WHERE PROJECTNO =
		#{projectNo}
	</select>
	<select id="selectByAllocation" parameterType="int"
		resultType="com.waait.dto.Allocation">
		SELECT * FROM ALLOCATION WHERE PROJECTNO = #{projectNo}
	</select>
	<!-- 업데이트 부분 inprogress -> check 부분 -->

	<update id="canbanInprogressUpdatePM"
		parameterType="com.waait.dto.Allocation">
		UPDATE PROJECTFUNCTION SET FUNCTIONSTARTDATE =
		SYSDATE,FUNCTIONSTATUS='complete-check' WHERE PROJECTNO = #{projectNo}
		AND FUNCTIONNAME = #{allocationFun}
	</update>

	<!-- 프로젝트 기능 최종 승인 -->
	<update id="functionApprove"
		parameterType="com.waait.dto.Allocation">
		UPDATE ALLOCATION SET FUNCTIONENDDATE = SYSDATE WHERE PROJECTNO =
		#{projectNo} AND ALLOCATIONFUN = #{allocationFun}
	</update>

	<update id="functionApprovePM"
		parameterType="com.waait.dto.Allocation">
		UPDATE PROJECTFUNCTION SET FUNCTIONENDDATE =
		SYSDATE,FUNCTIONSTATUS='complete' WHERE PROJECTNO = #{projectNo} AND
		FUNCTIONNAME = #{allocationFun}
	</update>



</mapper>
